{"cameraMode":{"drawMode":0,"name":"Shaded","section":"Shading Mode"},"sceneLighting":true,"audioPlay":false,"sceneViewState":{"showFog":false,"showMaterialUpdate":false,"showSkybox":false,"showFlares":false,"showImageEffects":false,"showParticleSystems":false},"in2DMode":false,"pivot":{"x":0.14894485473632813,"y":4.880873680114746,"z":4.890117645263672},"rotation":{"x":0.005124530754983425,"y":0.992906391620636,"z":-0.04651240259408951,"w":0.1094638854265213},"size":11.14255428314209,"orthographic":false}